S.No.,Organisation Name,Tender Count,Portal URL,Retrieved At
1,Atal Indore City Transport Services Ltd - Indore,1,https://mptenders.gov.in/nicgep/app?page=FrontEndTendersByOrganisation&service=page,2026-10-07T10:25:59.024671+00:00
2,Bhopal City Link Limited,16,https://mptenders.gov.in/nicgep/app?page=FrontEndTendersByOrganisation&service=page,2026-10-07T10:25:59.024671+00:00
3,Board of Secondary Education,1,https://mptenders.gov.in/nicgep/app?page=FrontEndTendersByOrganisation&service=page,2026-10-07T10:25:59.024671+00:00
4,Capital Project Administration,4,https://mptenders.gov.in/nicgep/app?page=FrontEndTendersByOrganisation&service=page,2026-10-07T10:25:59.024671+00:00
5,Department of Higher Education,27,https://mptenders.gov.in/nicgep/app?page=FrontEndTendersByOrganisation&service=page,2026-10-07T10:25:59.024671+00:00
6,Devi Ahilya Vishwavidyalaya - Indore,3,https://mptenders.gov.in/nicgep/app?page=FrontEndTendersByOrganisation&service=page,2026-10-07T10:25:59.024671+00:00
7,DIRECTORATE AYUSH,1,https://mptenders.gov.in/nicgep/app?page=FrontEndTendersByOrganisation&service=page,2026-10-07T10:25:59.024671+00:00
8,Directorate Farmer Welfare And Agriculture Development,2,https://mptenders.gov.in/nicgep/app?page=FrontEndTendersByOrganisation&service=page,2026-10-07T10:25:59.024671+00:00
9,Directorate of Animal Husbandry,1,https://mptenders.gov.in/nicgep/app?page=FrontEndTendersByOrganisation&service=page,2026-10-07T10:25:59.024671+00:00
10,Directorate of Economics and Statistics,2,https://mptenders.gov.in/nicgep/app?page=FrontEndTendersByOrganisation&service=page,2026-10-07T10:25:59.024671+00:00
11,Directorate of Food Civil Supplies and Consumer Protection,1,https://mptenders.gov.in/nicgep/app?page=FrontEndTendersByOrganisation&service=page,2026-10-07T10:25:59.024671+00:00
12,Directorate of Health Services,56,https://mptenders.gov.in/nicgep/app?page=FrontEndTendersByOrganisation&service=page,2026-10-07T10:25:59.024671+00:00
13,Directorate of Industries,1,https://mptenders.gov.in/nicgep/app?page=FrontEndTendersByOrganisation&service=page,2026-10-07T10:25:59.024671+00:00
14,Directorate of Medical Education,21,https://mptenders.gov.in/nicgep/app?page=FrontEndTendersByOrganisation&service=page,2026-10-07T10:25:59.024671+00:00
15,Directorate of Panchayati Raj,30,https://mptenders.gov.in/nicgep/app?page=FrontEndTendersByOrganisation&service=page,2026-10-07T10:25:59.024671+00:00
16,Directorate of Public Instruction,6,https://mptenders.gov.in/nicgep/app?page=FrontEndTendersByOrganisation&service=page,2026-10-07T10:25:59.024671+00:00
17,Directorate of Religious Trust and Endowments-Ujjain,1,https://mptenders.gov.in/nicgep/app?page=FrontEndTendersByOrganisation&service=page,2026-10-07T10:25:59.024671+00:00
18,Directorate of Social Justice and Welfare,2,https://mptenders.gov.in/nicgep/app?page=FrontEndTendersByOrganisation&service=page,2026-10-07T10:25:59.024671+00:00
19,Directorate of Technical Education,4,https://mptenders.gov.in/nicgep/app?page=FrontEndTendersByOrganisation&service=page,2026-10-07T10:25:59.024671+00:00
20,Directorate of Town And Country Planning,28,https://mptenders.gov.in/nicgep/app?page=FrontEndTendersByOrganisation&service=page,2026-10-07T10:25:59.024671+00:00
21,Directorate Of Women and Child Development,2,https://mptenders.gov.in/nicgep/app?page=FrontEndTendersByOrganisation&service=page,2026-10-07T10:25:59.024671+00:00
22,Directorate Sports and Youth Welfare,5,https://mptenders.gov.in/nicgep/app?page=FrontEndTendersByOrganisation&service=page,2026-10-07T10:25:59.024671+00:00
23,Directorate Urban Administration and Development,3188,https://mptenders.gov.in/nicgep/app?page=FrontEndTendersByOrganisation&service=page,2026-10-07T10:25:59.024671+00:00
24,Director General of Prisons and Correctional Services,41,https://mptenders.gov.in/nicgep/app?page=FrontEndTendersByOrganisation&service=page,2026-10-07T10:25:59.024671+00:00
25,District Collectorate,47,https://mptenders.gov.in/nicgep/app?page=FrontEndTendersByOrganisation&service=page,2026-10-07T10:25:59.024671+00:00
26,Engineer-in-Chief - Water Resources Department,20,https://mptenders.gov.in/nicgep/app?page=FrontEndTendersByOrganisation&service=page,2026-10-07T10:25:59.024671+00:00
27,Excise Department,5,https://mptenders.gov.in/nicgep/app?page=FrontEndTendersByOrganisation&service=page,2026-10-07T10:25:59.024671+00:00
28,Food and Drugs Administration MP,1,https://mptenders.gov.in/nicgep/app?page=FrontEndTendersByOrganisation&service=page,2026-10-07T10:25:59.024671+00:00
29,General Administration Department - Registrar,4,https://mptenders.gov.in/nicgep/app?page=FrontEndTendersByOrganisation&service=page,2026-10-07T10:25:59.024671+00:00
30,Gwalior Vyapar Mela Pradhikaran - GVMP,5,https://mptenders.gov.in/nicgep/app?page=FrontEndTendersByOrganisation&service=page,2026-10-07T10:25:59.024671+00:00
31,High Court of Madhya Pradesh,6,https://mptenders.gov.in/nicgep/app?page=FrontEndTendersByOrganisation&service=page,2026-10-07T10:25:59.024671+00:00
32,H.S.Z.H. Govt.(Auto) Unani Medical College-Bhopal,6,https://mptenders.gov.in/nicgep/app?page=FrontEndTendersByOrganisation&service=page,2026-10-07T10:25:59.024671+00:00
33,Jawaharlal Nehru Krishi Vishwa Vidyalaya,3,https://mptenders.gov.in/nicgep/app?page=FrontEndTendersByOrganisation&service=page,2026-10-07T10:25:59.024671+00:00
34,Jiwaji University - Gwalior,6,https://mptenders.gov.in/nicgep/app?page=FrontEndTendersByOrganisation&service=page,2026-10-07T10:25:59.024671+00:00
35,Madhya Pradesh Bhawan,2,https://mptenders.gov.in/nicgep/app?page=FrontEndTendersByOrganisation&service=page,2026-10-07T10:25:59.024671+00:00
36,Madhya Pradesh Jal Nigam Maryadit,3,https://mptenders.gov.in/nicgep/app?page=FrontEndTendersByOrganisation&service=page,2026-10-07T10:25:59.024671+00:00
37,Madhya Pradesh Madhya Kshetra Vidyut Vitaran Company Limited,51,https://mptenders.gov.in/nicgep/app?page=FrontEndTendersByOrganisation&service=page,2026-10-07T10:25:59.024671+00:00
38,Madhya Pradesh Madhyam,1,https://mptenders.gov.in/nicgep/app?page=FrontEndTendersByOrganisation&service=page,2026-10-07T10:25:59.024671+00:00
39,Madhya Pradesh Paschim Kshetra Vidyut Vitran Company Ltd,64,https://mptenders.gov.in/nicgep/app?page=FrontEndTendersByOrganisation&service=page,2026-10-07T10:25:59.024671+00:00
40,Madhya Pradesh Poorv Kshetra Vidyut Vitaran Company Limited,31,https://mptenders.gov.in/nicgep/app?page=FrontEndTendersByOrganisation&service=page,2026-10-07T10:25:59.024671+00:00
41,Madhya Pradesh Power Generating Company Limited,221,https://mptenders.gov.in/nicgep/app?page=FrontEndTendersByOrganisation&service=page,2026-10-07T10:25:59.024671+00:00
42,Madhya Pradesh Power Management Company Limited-Jabalpur,6,https://mptenders.gov.in/nicgep/app?page=FrontEndTendersByOrganisation&service=page,2026-10-07T10:25:59.024671+00:00
43,Madhya Pradesh Public Health Services Corporation Ltd.,16,https://mptenders.gov.in/nicgep/app?page=FrontEndTendersByOrganisation&service=page,2026-10-07T10:25:59.024671+00:00
44,Madhya Pradesh Road Development Corporation Limited,35,https://mptenders.gov.in/nicgep/app?page=FrontEndTendersByOrganisation&service=page,2026-10-07T10:25:59.024671+00:00
45,Madhya Pradesh Rural Road Development Authority,308,https://mptenders.gov.in/nicgep/app?page=FrontEndTendersByOrganisation&service=page,2026-10-07T10:25:59.024671+00:00
46,Madhya Pradesh State Disaster Management Authority,1,https://mptenders.gov.in/nicgep/app?page=FrontEndTendersByOrganisation&service=page,2026-10-07T10:25:59.024671+00:00
47,Madhya Pradesh State Electronics Development Corporation Ltd.,4,https://mptenders.gov.in/nicgep/app?page=FrontEndTendersByOrganisation&service=page,2026-10-07T10:25:59.024671+00:00
48,Madhya Pradesh State Mining Corporation Ltd,1,https://mptenders.gov.in/nicgep/app?page=FrontEndTendersByOrganisation&service=page,2026-10-07T10:25:59.024671+00:00
49,Madhya Pradesh Urban Development Company Limited - MDB Tenders,9,https://mptenders.gov.in/nicgep/app?page=FrontEndTendersByOrganisation&service=page,2026-10-07T10:25:59.024671+00:00
50,M.P. Building Development Corporation Ltd. Bhopal,12,https://mptenders.gov.in/nicgep/app?page=FrontEndTendersByOrganisation&service=page,2026-10-07T10:25:59.024671+00:00
51,MP Forest Department,80,https://mptenders.gov.in/nicgep/app?page=FrontEndTendersByOrganisation&service=page,2026-10-07T10:25:59.024671+00:00
52,MP Housing and Infrastructure Development Board,6,https://mptenders.gov.in/nicgep/app?page=FrontEndTendersByOrganisation&service=page,2026-10-07T10:25:59.024671+00:00
53,MP Industrial Development Corporation Limited,16,https://mptenders.gov.in/nicgep/app?page=FrontEndTendersByOrganisation&service=page,2026-10-07T10:25:59.024671+00:00
54,MP Khadi Tatha Gramodyog Board - Bhopal,1,https://mptenders.gov.in/nicgep/app?page=FrontEndTendersByOrganisation&service=page,2026-10-07T10:25:59.024671+00:00
55,MP Laghu Udyog Nigam Ltd,3,https://mptenders.gov.in/nicgep/app?page=FrontEndTendersByOrganisation&service=page,2026-10-07T10:25:59.024671+00:00
56,MP Lokayukt Organisation,1,https://mptenders.gov.in/nicgep/app?page=FrontEndTendersByOrganisation&service=page,2026-10-07T10:25:59.024671+00:00
57,MP Police,46,https://mptenders.gov.in/nicgep/app?page=FrontEndTendersByOrganisation&service=page,2026-10-07T10:25:59.024671+00:00
58,MP Police Housing and Infrastructure Development Corporation Ltd,88,https://mptenders.gov.in/nicgep/app?page=FrontEndTendersByOrganisation&service=page,2026-10-07T10:25:59.024671+00:00
59,MP Power Transmission Co. Ltd.,26,https://mptenders.gov.in/nicgep/app?page=FrontEndTendersByOrganisation&service=page,2026-10-07T10:25:59.024671+00:00
60,MP State Agricultural Marketing Board,85,https://mptenders.gov.in/nicgep/app?page=FrontEndTendersByOrganisation&service=page,2026-10-07T10:25:59.024671+00:00
61,MP State Agro Industries Corporation Limited,2,https://mptenders.gov.in/nicgep/app?page=FrontEndTendersByOrganisation&service=page,2026-10-07T10:25:59.024671+00:00
62,MP State Civil Supplies Corporation Limited,47,https://mptenders.gov.in/nicgep/app?page=FrontEndTendersByOrganisation&service=page,2026-10-07T10:25:59.024671+00:00
63,MP State Cooperative Dairy Federation,2,https://mptenders.gov.in/nicgep/app?page=FrontEndTendersByOrganisation&service=page,2026-10-07T10:25:59.024671+00:00
64,M. P. State Cooperative Union Ltd.- Bhopal,3,https://mptenders.gov.in/nicgep/app?page=FrontEndTendersByOrganisation&service=page,2026-10-07T10:25:59.024671+00:00
65,MP State Coperative Marketing Federation Ltd.,14,https://mptenders.gov.in/nicgep/app?page=FrontEndTendersByOrganisation&service=page,2026-10-07T10:25:59.024671+00:00
66,MP State Livestock and Poultry Development Corporation,1,https://mptenders.gov.in/nicgep/app?page=FrontEndTendersByOrganisation&service=page,2026-10-07T10:25:59.024671+00:00
67,M.P.State Minor Forest Produce Cooperative Federation Limited,1,https://mptenders.gov.in/nicgep/app?page=FrontEndTendersByOrganisation&service=page,2026-10-07T10:25:59.024671+00:00
68,M.P. State Open School Education Board,3,https://mptenders.gov.in/nicgep/app?page=FrontEndTendersByOrganisation&service=page,2026-10-07T10:25:59.024671+00:00
69,M.P. State Seed Certification Agency,3,https://mptenders.gov.in/nicgep/app?page=FrontEndTendersByOrganisation&service=page,2026-10-07T10:25:59.024671+00:00
70,MP State Tourism Development Corporation Ltd.,14,https://mptenders.gov.in/nicgep/app?page=FrontEndTendersByOrganisation&service=page,2026-10-07T10:25:59.024671+00:00
71,M.P. Textbook Corporation - Bhopal,4,https://mptenders.gov.in/nicgep/app?page=FrontEndTendersByOrganisation&service=page,2026-10-07T10:25:59.024671+00:00
72,M.P. Tourism Board,11,https://mptenders.gov.in/nicgep/app?page=FrontEndTendersByOrganisation&service=page,2026-10-07T10:25:59.024671+00:00
73,M P Vidhan Sabha,2,https://mptenders.gov.in/nicgep/app?page=FrontEndTendersByOrganisation&service=page,2026-10-07T10:25:59.024671+00:00
74,Nanaji Deshmukh Veterinary Science University,2,https://mptenders.gov.in/nicgep/app?page=FrontEndTendersByOrganisation&service=page,2026-10-07T10:25:59.024671+00:00
75,Narmada Valley Development Authority,37,https://mptenders.gov.in/nicgep/app?page=FrontEndTendersByOrganisation&service=page,2026-10-07T10:25:59.024671+00:00
76,NAVAL SINGH SAHAKARI SHAKKAR KARKHANA MARYADIT-BURHANPUR,2,https://mptenders.gov.in/nicgep/app?page=FrontEndTendersByOrganisation&service=page,2026-10-07T10:25:59.024671+00:00
77,Office of the Labour Commissioner Indore M P,1,https://mptenders.gov.in/nicgep/app?page=FrontEndTendersByOrganisation&service=page,2026-10-07T10:25:59.024671+00:00
78,Principal Revenue Commissioner,3,https://mptenders.gov.in/nicgep/app?page=FrontEndTendersByOrganisation&service=page,2026-10-07T10:25:59.024671+00:00
79,Professional Examination Board,2,https://mptenders.gov.in/nicgep/app?page=FrontEndTendersByOrganisation&service=page,2026-10-07T10:25:59.024671+00:00
80,Pt. Khushilal Sharma Government (Autonomous) Ayurveda College and Institute,1,https://mptenders.gov.in/nicgep/app?page=FrontEndTendersByOrganisation&service=page,2026-10-07T10:25:59.024671+00:00
81,PT. S.N. Shukla Unverversity Shehdol,1,https://mptenders.gov.in/nicgep/app?page=FrontEndTendersByOrganisation&service=page,2026-10-07T10:25:59.024671+00:00
82,Public Health Engineering- O/o Engineer In Chief,61,https://mptenders.gov.in/nicgep/app?page=FrontEndTendersByOrganisation&service=page,2026-10-07T10:25:59.024671+00:00
83,PWD-PIU,51,https://mptenders.gov.in/nicgep/app?page=FrontEndTendersByOrganisation&service=page,2026-10-07T10:25:59.024671+00:00
84,PWD- Roads and Bridges,369,https://mptenders.gov.in/nicgep/app?page=FrontEndTendersByOrganisation&service=page,2026-10-07T10:25:59.024671+00:00
85,Rajmata Vijayaraje Scindia Krishi Vishwa Vidyalaya - Gwalior,5,https://mptenders.gov.in/nicgep/app?page=FrontEndTendersByOrganisation&service=page,2026-10-07T10:25:59.024671+00:00
86,Rajya Shiksha Kendra M.P,28,https://mptenders.gov.in/nicgep/app?page=FrontEndTendersByOrganisation&service=page,2026-10-07T10:25:59.024671+00:00
87,Rewa Ultra Mega Solar Limited,1,https://mptenders.gov.in/nicgep/app?page=FrontEndTendersByOrganisation&service=page,2026-10-07T10:25:59.024671+00:00
88,Rural Engineering Service,78,https://mptenders.gov.in/nicgep/app?page=FrontEndTendersByOrganisation&service=page,2026-10-07T10:25:59.024671+00:00
89,SANT SHIROMANI RAVIDAS GLOBAL SKILLS PARK - BHOPAL,1,https://mptenders.gov.in/nicgep/app?page=FrontEndTendersByOrganisation&service=page,2026-10-07T10:25:59.024671+00:00
90,Shri Omkareshwar Mandir Trust- Omkareshwar,2,https://mptenders.gov.in/nicgep/app?page=FrontEndTendersByOrganisation&service=page,2026-10-07T10:25:59.024671+00:00
91,State Level Employment and Training Center,2,https://mptenders.gov.in/nicgep/app?page=FrontEndTendersByOrganisation&service=page,2026-10-07T10:25:59.024671+00:00
92,THE CHIEF ELECTORAL OFFICER,3,https://mptenders.gov.in/nicgep/app?page=FrontEndTendersByOrganisation&service=page,2026-10-07T10:25:59.024671+00:00
93,Tribal Affairs Department-MP,41,https://mptenders.gov.in/nicgep/app?page=FrontEndTendersByOrganisation&service=page,2026-10-07T10:25:59.024671+00:00
